date,code,name,strategy,price,resonance_count,action_guide
2025-12-29,000045,深纺织Ａ,golden_pit,12.12,1,[golden_pit]: 【底部位】黄金坑企稳。适合底部轻仓潜伏，跌破坑底最低价止损。
2025-12-29,000058,深 赛 格,golden_pit,9.44,1,[golden_pit]: 【底部位】黄金坑企稳。适合底部轻仓潜伏，跌破坑底最低价止损。
2025-12-29,000060,中金岭南,macd_water,5.77,1,[macd_water]: 【强势位】水上金叉。代表多头趋势延续。若股价贴近20日线可回吸。
2025-12-29,000061,农 产 品,"macd_water,golden_pit",10.19,2,[macd_water]: 【强势位】水上金叉。代表多头趋势延续。若股价贴近20日线可回吸。 | [golden_pit]: 【底部位】黄金坑企稳。适合底部轻仓潜伏，跌破坑底最低价止损。
2025-12-29,000159,国际实业,golden_pit,5.84,1,[golden_pit]: 【底部位】黄金坑企稳。适合底部轻仓潜伏，跌破坑底最低价止损。
2025-12-29,000301,东方盛虹,macd_water,10.99,1,[macd_water]: 【强势位】水上金叉。代表多头趋势延续。若股价贴近20日线可回吸。
2025-12-29,000407,胜利股份,macd_water,5.34,1,[macd_water]: 【强势位】水上金叉。代表多头趋势延续。若股价贴近20日线可回吸。
2025-12-29,000409,云鼎科技,golden_pit,11.16,1,[golden_pit]: 【底部位】黄金坑企稳。适合底部轻仓潜伏，跌破坑底最低价止损。
2025-12-29,000425,徐工机械,golden_pit,11.26,1,[golden_pit]: 【底部位】黄金坑企稳。适合底部轻仓潜伏，跌破坑底最低价止损。
2025-12-29,000505,京粮控股,macd_water,9.01,1,[macd_water]: 【强势位】水上金叉。代表多头趋势延续。若股价贴近20日线可回吸。
2025-12-29,000510,新金路,macd_water,12.08,1,[macd_water]: 【强势位】水上金叉。代表多头趋势延续。若股价贴近20日线可回吸。
2025-12-29,000519,中兵红箭,golden_pit,17.94,1,[golden_pit]: 【底部位】黄金坑企稳。适合底部轻仓潜伏，跌破坑底最低价止损。
2025-12-29,000550,江铃汽车,golden_pit,18.85,1,[golden_pit]: 【底部位】黄金坑企稳。适合底部轻仓潜伏，跌破坑底最低价止损。
2025-12-29,000554,泰山石油,golden_pit,6.51,1,[golden_pit]: 【底部位】黄金坑企稳。适合底部轻仓潜伏，跌破坑底最低价止损。
2025-12-29,000561,烽火电子,"macd_water,golden_pit",12.2,2,[macd_water]: 【强势位】水上金叉。代表多头趋势延续。若股价贴近20日线可回吸。 | [golden_pit]: 【底部位】黄金坑企稳。适合底部轻仓潜伏，跌破坑底最低价止损。
2025-12-29,000576,甘化科工,golden_pit,10.54,1,[golden_pit]: 【底部位】黄金坑企稳。适合底部轻仓潜伏，跌破坑底最低价止损。
2025-12-29,000589,贵州轮胎,macd_water,5.13,1,[macd_water]: 【强势位】水上金叉。代表多头趋势延续。若股价贴近20日线可回吸。
2025-12-29,000593,德龙汇能,macd_water,11.7,1,[macd_water]: 【强势位】水上金叉。代表多头趋势延续。若股价贴近20日线可回吸。
2025-12-29,000599,青岛双星,golden_pit,6.58,1,[golden_pit]: 【底部位】黄金坑企稳。适合底部轻仓潜伏，跌破坑底最低价止损。
2025-12-29,000612,焦作万方,macd_water,10.8,1,[macd_water]: 【强势位】水上金叉。代表多头趋势延续。若股价贴近20日线可回吸。
2025-12-29,000617,中油资本,golden_pit,9.85,1,[golden_pit]: 【底部位】黄金坑企稳。适合底部轻仓潜伏，跌破坑底最低价止损。
2025-12-29,000630,铜陵有色,macd_water,5.73,1,[macd_water]: 【强势位】水上金叉。代表多头趋势延续。若股价贴近20日线可回吸。
2025-12-29,000636,风华高科,golden_pit,16.42,1,[golden_pit]: 【底部位】黄金坑企稳。适合底部轻仓潜伏，跌破坑底最低价止损。
2025-12-29,000680,山推股份,macd_water,11.53,1,[macd_water]: 【强势位】水上金叉。代表多头趋势延续。若股价贴近20日线可回吸。
2025-12-29,000686,东北证券,macd_water,9.44,1,[macd_water]: 【强势位】水上金叉。代表多头趋势延续。若股价贴近20日线可回吸。
2025-12-29,000700,模塑科技,macd_water,12.63,1,[macd_water]: 【强势位】水上金叉。代表多头趋势延续。若股价贴近20日线可回吸。
2025-12-29,000703,恒逸石化,macd_water,9.98,1,[macd_water]: 【强势位】水上金叉。代表多头趋势延续。若股价贴近20日线可回吸。
2025-12-29,000708,中信特钢,"macd_water,golden_pit",16.07,2,[macd_water]: 【强势位】水上金叉。代表多头趋势延续。若股价贴近20日线可回吸。 | [golden_pit]: 【底部位】黄金坑企稳。适合底部轻仓潜伏，跌破坑底最低价止损。
2025-12-29,000810,创维数字,golden_pit,11.73,1,[golden_pit]: 【底部位】黄金坑企稳。适合底部轻仓潜伏，跌破坑底最低价止损。
2025-12-29,000811,冰轮环境,macd_water,18.57,1,[macd_water]: 【强势位】水上金叉。代表多头趋势延续。若股价贴近20日线可回吸。
2025-12-29,000815,美利云,golden_pit,11.37,1,[golden_pit]: 【底部位】黄金坑企稳。适合底部轻仓潜伏，跌破坑底最低价止损。
2025-12-29,000821,京山轻机,"macd_water,golden_pit",13.94,2,[macd_water]: 【强势位】水上金叉。代表多头趋势延续。若股价贴近20日线可回吸。 | [golden_pit]: 【底部位】黄金坑企稳。适合底部轻仓潜伏，跌破坑底最低价止损。
2025-12-29,000822,山东海化,golden_pit,5.34,1,[golden_pit]: 【底部位】黄金坑企稳。适合底部轻仓潜伏，跌破坑底最低价止损。
2025-12-29,000837,秦川机床,golden_pit,12.69,1,[golden_pit]: 【底部位】黄金坑企稳。适合底部轻仓潜伏，跌破坑底最低价止损。
2025-12-29,000850,华茂股份,macd_water,5.56,1,[macd_water]: 【强势位】水上金叉。代表多头趋势延续。若股价贴近20日线可回吸。
2025-12-29,000856,冀东装备,golden_pit,10.32,1,[golden_pit]: 【底部位】黄金坑企稳。适合底部轻仓潜伏，跌破坑底最低价止损。
2025-12-29,000863,三湘印象,macd_water,6.11,1,[macd_water]: 【强势位】水上金叉。代表多头趋势延续。若股价贴近20日线可回吸。
2025-12-29,000878,云南铜业,macd_water,19.3,1,[macd_water]: 【强势位】水上金叉。代表多头趋势延续。若股价贴近20日线可回吸。
2025-12-29,000881,中广核技,"macd_water,golden_pit",9.12,2,[macd_water]: 【强势位】水上金叉。代表多头趋势延续。若股价贴近20日线可回吸。 | [golden_pit]: 【底部位】黄金坑企稳。适合底部轻仓潜伏，跌破坑底最低价止损。
2025-12-29,000905,厦门港务,macd_water,14.62,1,[macd_water]: 【强势位】水上金叉。代表多头趋势延续。若股价贴近20日线可回吸。
2025-12-29,000917,电广传媒,macd_water,11.5,1,[macd_water]: 【强势位】水上金叉。代表多头趋势延续。若股价贴近20日线可回吸。
2025-12-29,000922,佳电股份,macd_water,13.8,1,[macd_water]: 【强势位】水上金叉。代表多头趋势延续。若股价贴近20日线可回吸。
2025-12-29,000925,众合科技,macd_water,8.85,1,[macd_water]: 【强势位】水上金叉。代表多头趋势延续。若股价贴近20日线可回吸。
2025-12-29,000928,中钢国际,"macd_water,golden_pit",6.66,2,[macd_water]: 【强势位】水上金叉。代表多头趋势延续。若股价贴近20日线可回吸。 | [golden_pit]: 【底部位】黄金坑企稳。适合底部轻仓潜伏，跌破坑底最低价止损。
2025-12-29,000936,华西股份,macd_water,8.42,1,[macd_water]: 【强势位】水上金叉。代表多头趋势延续。若股价贴近20日线可回吸。
2025-12-29,000948,南天信息,golden_pit,18.0,1,[golden_pit]: 【底部位】黄金坑企稳。适合底部轻仓潜伏，跌破坑底最低价止损。
2025-12-29,000967,盈峰环境,"macd_water,golden_pit",7.36,2,[macd_water]: 【强势位】水上金叉。代表多头趋势延续。若股价贴近20日线可回吸。 | [golden_pit]: 【底部位】黄金坑企稳。适合底部轻仓潜伏，跌破坑底最低价止损。
2025-12-29,000973,佛塑科技,macd_water,15.25,1,[macd_water]: 【强势位】水上金叉。代表多头趋势延续。若股价贴近20日线可回吸。
2025-12-29,000978,桂林旅游,"macd_water,golden_pit",7.07,2,[macd_water]: 【强势位】水上金叉。代表多头趋势延续。若股价贴近20日线可回吸。 | [golden_pit]: 【底部位】黄金坑企稳。适合底部轻仓潜伏，跌破坑底最低价止损。
2025-12-29,001202,炬申股份,golden_pit,15.83,1,[golden_pit]: 【底部位】黄金坑企稳。适合底部轻仓潜伏，跌破坑底最低价止损。
2025-12-29,001210,金房能源,golden_pit,17.7,1,[golden_pit]: 【底部位】黄金坑企稳。适合底部轻仓潜伏，跌破坑底最低价止损。
2025-12-29,001217,华尔泰,macd_water,15.3,1,[macd_water]: 【强势位】水上金叉。代表多头趋势延续。若股价贴近20日线可回吸。
2025-12-29,001236,弘业期货,golden_pit,10.83,1,[golden_pit]: 【底部位】黄金坑企稳。适合底部轻仓潜伏，跌破坑底最低价止损。
2025-12-29,001366,播恩集团,golden_pit,13.42,1,[golden_pit]: 【底部位】黄金坑企稳。适合底部轻仓潜伏，跌破坑底最低价止损。
2025-12-29,002015,协鑫能科,golden_pit,10.43,1,[golden_pit]: 【底部位】黄金坑企稳。适合底部轻仓潜伏，跌破坑底最低价止损。
2025-12-29,002023,海特高新,"macd_water,golden_pit",13.57,2,[macd_water]: 【强势位】水上金叉。代表多头趋势延续。若股价贴近20日线可回吸。 | [golden_pit]: 【底部位】黄金坑企稳。适合底部轻仓潜伏，跌破坑底最低价止损。
2025-12-29,002026,山东威达,golden_pit,15.16,1,[golden_pit]: 【底部位】黄金坑企稳。适合底部轻仓潜伏，跌破坑底最低价止损。
2025-12-29,002037,保利联合,golden_pit,9.75,1,[golden_pit]: 【底部位】黄金坑企稳。适合底部轻仓潜伏，跌破坑底最低价止损。
2025-12-29,002041,登海种业,golden_pit,9.59,1,[golden_pit]: 【底部位】黄金坑企稳。适合底部轻仓潜伏，跌破坑底最低价止损。
2025-12-29,002051,中工国际,"macd_water,golden_pit",9.22,2,[macd_water]: 【强势位】水上金叉。代表多头趋势延续。若股价贴近20日线可回吸。 | [golden_pit]: 【底部位】黄金坑企稳。适合底部轻仓潜伏，跌破坑底最低价止损。
2025-12-29,002052,同洲电子,"one_sun,golden_pit",13.3,2,[one_sun]: 【爆发位】一阳穿三线。次日看高开(1%-3%)，放量突破昨日最高价即是买点。 | [golden_pit]: 【底部位】黄金坑企稳。适合底部轻仓潜伏，跌破坑底最低价止损。
2025-12-29,002057,中钢天源,golden_pit,10.36,1,[golden_pit]: 【底部位】黄金坑企稳。适合底部轻仓潜伏，跌破坑底最低价止损。
2025-12-29,002072,凯瑞德,golden_pit,7.72,1,[golden_pit]: 【底部位】黄金坑企稳。适合底部轻仓潜伏，跌破坑底最低价止损。
2025-12-29,002078,太阳纸业,"macd_water,golden_pit",15.76,2,[macd_water]: 【强势位】水上金叉。代表多头趋势延续。若股价贴近20日线可回吸。 | [golden_pit]: 【底部位】黄金坑企稳。适合底部轻仓潜伏，跌破坑底最低价止损。
2025-12-29,002079,苏州固锝,golden_pit,9.67,1,[golden_pit]: 【底部位】黄金坑企稳。适合底部轻仓潜伏，跌破坑底最低价止损。
2025-12-29,002090,金智科技,"macd_water,golden_pit",11.98,2,[macd_water]: 【强势位】水上金叉。代表多头趋势延续。若股价贴近20日线可回吸。 | [golden_pit]: 【底部位】黄金坑企稳。适合底部轻仓潜伏，跌破坑底最低价止损。
2025-12-29,002094,青岛金王,golden_pit,7.33,1,[golden_pit]: 【底部位】黄金坑企稳。适合底部轻仓潜伏，跌破坑底最低价止损。
2025-12-29,002100,天康生物,golden_pit,7.24,1,[golden_pit]: 【底部位】黄金坑企稳。适合底部轻仓潜伏，跌破坑底最低价止损。
2025-12-29,002101,广东鸿图,golden_pit,12.34,1,[golden_pit]: 【底部位】黄金坑企稳。适合底部轻仓潜伏，跌破坑底最低价止损。
2025-12-29,002111,威海广泰,"macd_water,golden_pit",10.38,2,[macd_water]: 【强势位】水上金叉。代表多头趋势延续。若股价贴近20日线可回吸。 | [golden_pit]: 【底部位】黄金坑企稳。适合底部轻仓潜伏，跌破坑底最低价止损。
2025-12-29,002115,三维通信,macd_water,12.25,1,[macd_water]: 【强势位】水上金叉。代表多头趋势延续。若股价贴近20日线可回吸。
2025-12-29,002117,东港股份,"macd_water,golden_pit",14.12,2,[macd_water]: 【强势位】水上金叉。代表多头趋势延续。若股价贴近20日线可回吸。 | [golden_pit]: 【底部位】黄金坑企稳。适合底部轻仓潜伏，跌破坑底最低价止损。
2025-12-29,002137,实益达,golden_pit,8.68,1,[golden_pit]: 【底部位】黄金坑企稳。适合底部轻仓潜伏，跌破坑底最低价止损。
2025-12-29,002148,北纬科技,golden_pit,8.66,1,[golden_pit]: 【底部位】黄金坑企稳。适合底部轻仓潜伏，跌破坑底最低价止损。
2025-12-29,002152,广电运通,golden_pit,12.78,1,[golden_pit]: 【底部位】黄金坑企稳。适合底部轻仓潜伏，跌破坑底最低价止损。
2025-12-29,002161,远 望 谷,golden_pit,7.3,1,[golden_pit]: 【底部位】黄金坑企稳。适合底部轻仓潜伏，跌破坑底最低价止损。
2025-12-29,002169,智光电气,macd_water,11.72,1,[macd_water]: 【强势位】水上金叉。代表多头趋势延续。若股价贴近20日线可回吸。
2025-12-29,002171,楚江新材,macd_water,13.23,1,[macd_water]: 【强势位】水上金叉。代表多头趋势延续。若股价贴近20日线可回吸。
2025-12-29,002180,纳思达,golden_pit,19.81,1,[golden_pit]: 【底部位】黄金坑企稳。适合底部轻仓潜伏，跌破坑底最低价止损。
2025-12-29,002182,宝武镁业,macd_water,15.31,1,[macd_water]: 【强势位】水上金叉。代表多头趋势延续。若股价贴近20日线可回吸。
2025-12-29,002187,广百股份,macd_water,8.97,1,[macd_water]: 【强势位】水上金叉。代表多头趋势延续。若股价贴近20日线可回吸。
2025-12-29,002188,中天服务,macd_water,6.58,1,[macd_water]: 【强势位】水上金叉。代表多头趋势延续。若股价贴近20日线可回吸。
2025-12-29,002195,岩山科技,golden_pit,6.97,1,[golden_pit]: 【底部位】黄金坑企稳。适合底部轻仓潜伏，跌破坑底最低价止损。
2025-12-29,002196,方正电机,macd_water,14.03,1,[macd_water]: 【强势位】水上金叉。代表多头趋势延续。若股价贴近20日线可回吸。
2025-12-29,002202,金风科技,macd_water,21.66,1,[macd_water]: 【强势位】水上金叉。代表多头趋势延续。若股价贴近20日线可回吸。
2025-12-29,002203,海亮股份,"macd_water,golden_pit",12.57,2,[macd_water]: 【强势位】水上金叉。代表多头趋势延续。若股价贴近20日线可回吸。 | [golden_pit]: 【底部位】黄金坑企稳。适合底部轻仓潜伏，跌破坑底最低价止损。
2025-12-29,002205,国统股份,golden_pit,14.49,1,[golden_pit]: 【底部位】黄金坑企稳。适合底部轻仓潜伏，跌破坑底最低价止损。
2025-12-29,002206,海 利 得,golden_pit,5.91,1,[golden_pit]: 【底部位】黄金坑企稳。适合底部轻仓潜伏，跌破坑底最低价止损。
2025-12-29,002209,达 意 隆,macd_water,16.46,1,[macd_water]: 【强势位】水上金叉。代表多头趋势延续。若股价贴近20日线可回吸。
2025-12-29,002212,天融信,golden_pit,9.03,1,[golden_pit]: 【底部位】黄金坑企稳。适合底部轻仓潜伏，跌破坑底最低价止损。
2025-12-29,002221,东华能源,golden_pit,8.28,1,[golden_pit]: 【底部位】黄金坑企稳。适合底部轻仓潜伏，跌破坑底最低价止损。
2025-12-29,002237,恒邦股份,golden_pit,13.54,1,[golden_pit]: 【底部位】黄金坑企稳。适合底部轻仓潜伏，跌破坑底最低价止损。
2025-12-29,002243,力合科创,macd_water,10.81,1,[macd_water]: 【强势位】水上金叉。代表多头趋势延续。若股价贴近20日线可回吸。
2025-12-29,002246,北化股份,golden_pit,17.63,1,[golden_pit]: 【底部位】黄金坑企稳。适合底部轻仓潜伏，跌破坑底最低价止损。
2025-12-29,002250,联化科技,"macd_water,golden_pit",13.08,2,[macd_water]: 【强势位】水上金叉。代表多头趋势延续。若股价贴近20日线可回吸。 | [golden_pit]: 【底部位】黄金坑企稳。适合底部轻仓潜伏，跌破坑底最低价止损。
2025-12-29,002254,泰和新材,golden_pit,10.27,1,[golden_pit]: 【底部位】黄金坑企稳。适合底部轻仓潜伏，跌破坑底最低价止损。
2025-12-29,002268,电科网安,macd_water,19.98,1,[macd_water]: 【强势位】水上金叉。代表多头趋势延续。若股价贴近20日线可回吸。
2025-12-29,002272,川润股份,macd_water,17.88,1,[macd_water]: 【强势位】水上金叉。代表多头趋势延续。若股价贴近20日线可回吸。
2025-12-29,002278,神开股份,macd_water,12.72,1,[macd_water]: 【强势位】水上金叉。代表多头趋势延续。若股价贴近20日线可回吸。
2025-12-29,002293,罗莱生活,"macd_water,golden_pit",9.96,2,[macd_water]: 【强势位】水上金叉。代表多头趋势延续。若股价贴近20日线可回吸。 | [golden_pit]: 【底部位】黄金坑企稳。适合底部轻仓潜伏，跌破坑底最低价止损。
2025-12-29,002296,辉煌科技,golden_pit,11.44,1,[golden_pit]: 【底部位】黄金坑企稳。适合底部轻仓潜伏，跌破坑底最低价止损。
2025-12-29,002297,博云新材,macd_water,12.33,1,[macd_water]: 【强势位】水上金叉。代表多头趋势延续。若股价贴近20日线可回吸。
2025-12-29,002324,普利特,macd_water,15.42,1,[macd_water]: 【强势位】水上金叉。代表多头趋势延续。若股价贴近20日线可回吸。
2025-12-29,002337,赛象科技,macd_water,6.48,1,[macd_water]: 【强势位】水上金叉。代表多头趋势延续。若股价贴近20日线可回吸。
2025-12-29,002345,潮宏基,golden_pit,12.95,1,[golden_pit]: 【底部位】黄金坑企稳。适合底部轻仓潜伏，跌破坑底最低价止损。
2025-12-29,002346,柘中股份,macd_water,20.4,1,[macd_water]: 【强势位】水上金叉。代表多头趋势延续。若股价贴近20日线可回吸。
2025-12-29,002347,泰尔股份,macd_water,10.23,1,[macd_water]: 【强势位】水上金叉。代表多头趋势延续。若股价贴近20日线可回吸。
2025-12-29,002357,富临运业,golden_pit,10.75,1,[golden_pit]: 【底部位】黄金坑企稳。适合底部轻仓潜伏，跌破坑底最低价止损。
2025-12-29,002361,神剑股份,macd_water,14.49,1,[macd_water]: 【强势位】水上金叉。代表多头趋势延续。若股价贴近20日线可回吸。
2025-12-29,002376,新北洋,golden_pit,7.57,1,[golden_pit]: 【底部位】黄金坑企稳。适合底部轻仓潜伏，跌破坑底最低价止损。
2025-12-29,002381,双箭股份,golden_pit,6.65,1,[golden_pit]: 【底部位】黄金坑企稳。适合底部轻仓潜伏，跌破坑底最低价止损。
2025-12-29,002382,蓝帆医疗,golden_pit,5.58,1,[golden_pit]: 【底部位】黄金坑企稳。适合底部轻仓潜伏，跌破坑底最低价止损。
2025-12-29,002383,合众思壮,macd_water,12.06,1,[macd_water]: 【强势位】水上金叉。代表多头趋势延续。若股价贴近20日线可回吸。
2025-12-29,002386,天原股份,golden_pit,5.62,1,[golden_pit]: 【底部位】黄金坑企稳。适合底部轻仓潜伏，跌破坑底最低价止损。
2025-12-29,002395,双象股份,golden_pit,16.72,1,[golden_pit]: 【底部位】黄金坑企稳。适合底部轻仓潜伏，跌破坑底最低价止损。
2025-12-29,002401,中远海科,golden_pit,15.98,1,[golden_pit]: 【底部位】黄金坑企稳。适合底部轻仓潜伏，跌破坑底最低价止损。
2025-12-29,002406,远东传动,golden_pit,7.89,1,[golden_pit]: 【底部位】黄金坑企稳。适合底部轻仓潜伏，跌破坑底最低价止损。
2025-12-29,002423,中粮资本,golden_pit,11.95,1,[golden_pit]: 【底部位】黄金坑企稳。适合底部轻仓潜伏，跌破坑底最低价止损。
2025-12-29,002427,尤夫股份,golden_pit,6.85,1,[golden_pit]: 【底部位】黄金坑企稳。适合底部轻仓潜伏，跌破坑底最低价止损。
2025-12-29,002429,兆驰股份,macd_water,7.73,1,[macd_water]: 【强势位】水上金叉。代表多头趋势延续。若股价贴近20日线可回吸。
2025-12-29,002434,万里扬,golden_pit,9.41,1,[golden_pit]: 【底部位】黄金坑企稳。适合底部轻仓潜伏，跌破坑底最低价止损。
2025-12-29,002441,众业达,golden_pit,9.39,1,[golden_pit]: 【底部位】黄金坑企稳。适合底部轻仓潜伏，跌破坑底最低价止损。
2025-12-29,002455,百川股份,golden_pit,7.16,1,[golden_pit]: 【底部位】黄金坑企稳。适合底部轻仓潜伏，跌破坑底最低价止损。
2025-12-29,002465,海格通信,macd_water,15.35,1,[macd_water]: 【强势位】水上金叉。代表多头趋势延续。若股价贴近20日线可回吸。
2025-12-29,002471,中超控股,macd_water,6.89,1,[macd_water]: 【强势位】水上金叉。代表多头趋势延续。若股价贴近20日线可回吸。
2025-12-29,002476,宝莫股份,macd_water,7.11,1,[macd_water]: 【强势位】水上金叉。代表多头趋势延续。若股价贴近20日线可回吸。
2025-12-29,002493,荣盛石化,macd_water,11.19,1,[macd_water]: 【强势位】水上金叉。代表多头趋势延续。若股价贴近20日线可回吸。
2025-12-29,002494,华斯股份,golden_pit,5.42,1,[golden_pit]: 【底部位】黄金坑企稳。适合底部轻仓潜伏，跌破坑底最低价止损。
2025-12-29,002510,天汽模,"macd_water,golden_pit",7.54,2,[macd_water]: 【强势位】水上金叉。代表多头趋势延续。若股价贴近20日线可回吸。 | [golden_pit]: 【底部位】黄金坑企稳。适合底部轻仓潜伏，跌破坑底最低价止损。
2025-12-29,002511,中顺洁柔,golden_pit,8.45,1,[golden_pit]: 【底部位】黄金坑企稳。适合底部轻仓潜伏，跌破坑底最低价止损。
2025-12-29,002516,旷达科技,macd_water,6.66,1,[macd_water]: 【强势位】水上金叉。代表多头趋势延续。若股价贴近20日线可回吸。
2025-12-29,002530,金财互联,golden_pit,10.5,1,[golden_pit]: 【底部位】黄金坑企稳。适合底部轻仓潜伏，跌破坑底最低价止损。
2025-12-29,002532,天山铝业,macd_water,15.43,1,[macd_water]: 【强势位】水上金叉。代表多头趋势延续。若股价贴近20日线可回吸。
2025-12-29,002538,司尔特,"macd_water,golden_pit",6.62,2,[macd_water]: 【强势位】水上金叉。代表多头趋势延续。若股价贴近20日线可回吸。 | [golden_pit]: 【底部位】黄金坑企稳。适合底部轻仓潜伏，跌破坑底最低价止损。
2025-12-29,002545,东方铁塔,macd_water,18.1,1,[macd_water]: 【强势位】水上金叉。代表多头趋势延续。若股价贴近20日线可回吸。
2025-12-29,002552,宝鼎科技,macd_water,17.04,1,[macd_water]: 【强势位】水上金叉。代表多头趋势延续。若股价贴近20日线可回吸。
2025-12-29,002560,通达股份,macd_water,10.33,1,[macd_water]: 【强势位】水上金叉。代表多头趋势延续。若股价贴近20日线可回吸。
2025-12-29,002562,兄弟科技,golden_pit,6.58,1,[golden_pit]: 【底部位】黄金坑企稳。适合底部轻仓潜伏，跌破坑底最低价止损。
2025-12-29,002571,德力股份,macd_water,11.62,1,[macd_water]: 【强势位】水上金叉。代表多头趋势延续。若股价贴近20日线可回吸。
2025-12-29,002576,通达动力,golden_pit,17.2,1,[golden_pit]: 【底部位】黄金坑企稳。适合底部轻仓潜伏，跌破坑底最低价止损。
2025-12-29,002579,中京电子,"macd_water,golden_pit",12.25,2,[macd_water]: 【强势位】水上金叉。代表多头趋势延续。若股价贴近20日线可回吸。 | [golden_pit]: 【底部位】黄金坑企稳。适合底部轻仓潜伏，跌破坑底最低价止损。
2025-12-29,002583,海能达,golden_pit,11.53,1,[golden_pit]: 【底部位】黄金坑企稳。适合底部轻仓潜伏，跌破坑底最低价止损。
2025-12-29,002585,双星新材,macd_water,6.82,1,[macd_water]: 【强势位】水上金叉。代表多头趋势延续。若股价贴近20日线可回吸。
2025-12-29,002587,奥拓电子,macd_water,6.7,1,[macd_water]: 【强势位】水上金叉。代表多头趋势延续。若股价贴近20日线可回吸。
2025-12-29,002599,盛通股份,golden_pit,8.31,1,[golden_pit]: 【底部位】黄金坑企稳。适合底部轻仓潜伏，跌破坑底最低价止损。
2025-12-29,002600,领益智造,golden_pit,15.56,1,[golden_pit]: 【底部位】黄金坑企稳。适合底部轻仓潜伏，跌破坑底最低价止损。
2025-12-29,002601,龙佰集团,"macd_water,golden_pit",19.43,2,[macd_water]: 【强势位】水上金叉。代表多头趋势延续。若股价贴近20日线可回吸。 | [golden_pit]: 【底部位】黄金坑企稳。适合底部轻仓潜伏，跌破坑底最低价止损。
2025-12-29,002602,ST华通,golden_pit,17.56,1,[golden_pit]: 【底部位】黄金坑企稳。适合底部轻仓潜伏，跌破坑底最低价止损。
2025-12-29,002617,露笑科技,golden_pit,8.2,1,[golden_pit]: 【底部位】黄金坑企稳。适合底部轻仓潜伏，跌破坑底最低价止损。
2025-12-29,002623,亚玛顿,golden_pit,18.7,1,[golden_pit]: 【底部位】黄金坑企稳。适合底部轻仓潜伏，跌破坑底最低价止损。
2025-12-29,002627,三峡旅游,golden_pit,7.44,1,[golden_pit]: 【底部位】黄金坑企稳。适合底部轻仓潜伏，跌破坑底最低价止损。
2025-12-29,002631,德尔未来,macd_water,6.19,1,[macd_water]: 【强势位】水上金叉。代表多头趋势延续。若股价贴近20日线可回吸。
2025-12-29,002636,金安国纪,macd_water,17.55,1,[macd_water]: 【强势位】水上金叉。代表多头趋势延续。若股价贴近20日线可回吸。
2025-12-29,002644,佛慈制药,golden_pit,8.82,1,[golden_pit]: 【底部位】黄金坑企稳。适合底部轻仓潜伏，跌破坑底最低价止损。
2025-12-29,002651,利君股份,macd_water,11.75,1,[macd_water]: 【强势位】水上金叉。代表多头趋势延续。若股价贴近20日线可回吸。
2025-12-29,002655,共达电声,golden_pit,13.05,1,[golden_pit]: 【底部位】黄金坑企稳。适合底部轻仓潜伏，跌破坑底最低价止损。
2025-12-29,002668,TCL智家,macd_water,10.76,1,[macd_water]: 【强势位】水上金叉。代表多头趋势延续。若股价贴近20日线可回吸。
2025-12-29,002669,康达新材,macd_water,15.21,1,[macd_water]: 【强势位】水上金叉。代表多头趋势延续。若股价贴近20日线可回吸。
2025-12-29,002674,兴业科技,macd_water,14.96,1,[macd_water]: 【强势位】水上金叉。代表多头趋势延续。若股价贴近20日线可回吸。
2025-12-29,002677,浙江美大,macd_water,8.59,1,[macd_water]: 【强势位】水上金叉。代表多头趋势延续。若股价贴近20日线可回吸。
2025-12-29,002708,光洋股份,golden_pit,13.24,1,[golden_pit]: 【底部位】黄金坑企稳。适合底部轻仓潜伏，跌破坑底最低价止损。
2025-12-29,002715,登云股份,golden_pit,17.85,1,[golden_pit]: 【底部位】黄金坑企稳。适合底部轻仓潜伏，跌破坑底最低价止损。
2025-12-29,002716,湖南白银,macd_water,7.28,1,[macd_water]: 【强势位】水上金叉。代表多头趋势延续。若股价贴近20日线可回吸。
2025-12-29,002743,富煌钢构,golden_pit,5.5,1,[golden_pit]: 【底部位】黄金坑企稳。适合底部轻仓潜伏，跌破坑底最低价止损。
2025-12-29,002763,汇洁股份,macd_water,8.65,1,[macd_water]: 【强势位】水上金叉。代表多头趋势延续。若股价贴近20日线可回吸。
2025-12-29,002765,蓝黛科技,golden_pit,12.17,1,[golden_pit]: 【底部位】黄金坑企稳。适合底部轻仓潜伏，跌破坑底最低价止损。
2025-12-29,002769,普路通,macd_water,12.17,1,[macd_water]: 【强势位】水上金叉。代表多头趋势延续。若股价贴近20日线可回吸。
2025-12-29,002802,洪汇新材,golden_pit,12.52,1,[golden_pit]: 【底部位】黄金坑企稳。适合底部轻仓潜伏，跌破坑底最低价止损。
2025-12-29,002803,吉宏股份,golden_pit,16.4,1,[golden_pit]: 【底部位】黄金坑企稳。适合底部轻仓潜伏，跌破坑底最低价止损。
2025-12-29,002811,郑中设计,macd_water,15.29,1,[macd_water]: 【强势位】水上金叉。代表多头趋势延续。若股价贴近20日线可回吸。
2025-12-29,002815,崇达技术,"macd_water,golden_pit",14.0,2,[macd_water]: 【强势位】水上金叉。代表多头趋势延续。若股价贴近20日线可回吸。 | [golden_pit]: 【底部位】黄金坑企稳。适合底部轻仓潜伏，跌破坑底最低价止损。
2025-12-29,002842,翔鹭钨业,macd_water,14.87,1,[macd_water]: 【强势位】水上金叉。代表多头趋势延续。若股价贴近20日线可回吸。
2025-12-29,002871,伟隆股份,macd_water,16.95,1,[macd_water]: 【强势位】水上金叉。代表多头趋势延续。若股价贴近20日线可回吸。
2025-12-29,002875,安奈儿,golden_pit,17.17,1,[golden_pit]: 【底部位】黄金坑企稳。适合底部轻仓潜伏，跌破坑底最低价止损。
2025-12-29,002883,中设股份,golden_pit,10.99,1,[golden_pit]: 【底部位】黄金坑企稳。适合底部轻仓潜伏，跌破坑底最低价止损。
2025-12-29,002892,科力尔,golden_pit,13.28,1,[golden_pit]: 【底部位】黄金坑企稳。适合底部轻仓潜伏，跌破坑底最低价止损。
2025-12-29,002908,德生科技,golden_pit,9.53,1,[golden_pit]: 【底部位】黄金坑企稳。适合底部轻仓潜伏，跌破坑底最低价止损。
2025-12-29,002918,蒙娜丽莎,golden_pit,14.3,1,[golden_pit]: 【底部位】黄金坑企稳。适合底部轻仓潜伏，跌破坑底最低价止损。
2025-12-29,002928,华夏航空,golden_pit,10.95,1,[golden_pit]: 【底部位】黄金坑企稳。适合底部轻仓潜伏，跌破坑底最低价止损。
2025-12-29,002951,金时科技,macd_water,16.2,1,[macd_water]: 【强势位】水上金叉。代表多头趋势延续。若股价贴近20日线可回吸。
2025-12-29,002953,日丰股份,golden_pit,11.63,1,[golden_pit]: 【底部位】黄金坑企稳。适合底部轻仓潜伏，跌破坑底最低价止损。
2025-12-29,002963,豪尔赛,golden_pit,15.23,1,[golden_pit]: 【底部位】黄金坑企稳。适合底部轻仓潜伏，跌破坑底最低价止损。
2025-12-29,002969,嘉美包装,macd_water,10.77,1,[macd_water]: 【强势位】水上金叉。代表多头趋势延续。若股价贴近20日线可回吸。
2025-12-29,002986,宇新股份,golden_pit,10.83,1,[golden_pit]: 【底部位】黄金坑企稳。适合底部轻仓潜伏，跌破坑底最低价止损。
2025-12-29,003016,欣贺股份,macd_water,10.7,1,[macd_water]: 【强势位】水上金叉。代表多头趋势延续。若股价贴近20日线可回吸。
2025-12-29,003037,三和管桩,golden_pit,8.07,1,[golden_pit]: 【底部位】黄金坑企稳。适合底部轻仓潜伏，跌破坑底最低价止损。
2025-12-29,003038,鑫铂股份,golden_pit,15.96,1,[golden_pit]: 【底部位】黄金坑企稳。适合底部轻仓潜伏，跌破坑底最低价止损。
2025-12-29,003040,楚天龙,golden_pit,20.15,1,[golden_pit]: 【底部位】黄金坑企稳。适合底部轻仓潜伏，跌破坑底最低价止损。
2025-12-29,600000,浦发银行,golden_pit,12.17,1,[golden_pit]: 【底部位】黄金坑企稳。适合底部轻仓潜伏，跌破坑底最低价止损。
2025-12-29,600019,宝钢股份,golden_pit,7.44,1,[golden_pit]: 【底部位】黄金坑企稳。适合底部轻仓潜伏，跌破坑底最低价止损。
2025-12-29,600026,中远海能,golden_pit,11.89,1,[golden_pit]: 【底部位】黄金坑企稳。适合底部轻仓潜伏，跌破坑底最低价止损。
2025-12-29,600028,中国石化,golden_pit,6.0,1,[golden_pit]: 【底部位】黄金坑企稳。适合底部轻仓潜伏，跌破坑底最低价止损。
2025-12-29,600029,南方航空,"macd_water,golden_pit",7.74,2,[macd_water]: 【强势位】水上金叉。代表多头趋势延续。若股价贴近20日线可回吸。 | [golden_pit]: 【底部位】黄金坑企稳。适合底部轻仓潜伏，跌破坑底最低价止损。
2025-12-29,600051,宁波联合,golden_pit,7.58,1,[golden_pit]: 【底部位】黄金坑企稳。适合底部轻仓潜伏，跌破坑底最低价止损。
2025-12-29,600058,五矿发展,macd_water,11.52,1,[macd_water]: 【强势位】水上金叉。代表多头趋势延续。若股价贴近20日线可回吸。
2025-12-29,600064,南京高科,golden_pit,8.64,1,[golden_pit]: 【底部位】黄金坑企稳。适合底部轻仓潜伏，跌破坑底最低价止损。
2025-12-29,600115,中国东航,golden_pit,5.69,1,[golden_pit]: 【底部位】黄金坑企稳。适合底部轻仓潜伏，跌破坑底最低价止损。
2025-12-29,600120,浙江东方,golden_pit,6.24,1,[golden_pit]: 【底部位】黄金坑企稳。适合底部轻仓潜伏，跌破坑底最低价止损。
2025-12-29,600126,杭钢股份,golden_pit,8.16,1,[golden_pit]: 【底部位】黄金坑企稳。适合底部轻仓潜伏，跌破坑底最低价止损。
2025-12-29,600128,苏豪弘业,golden_pit,11.13,1,[golden_pit]: 【底部位】黄金坑企稳。适合底部轻仓潜伏，跌破坑底最低价止损。
2025-12-29,600143,金发科技,golden_pit,19.03,1,[golden_pit]: 【底部位】黄金坑企稳。适合底部轻仓潜伏，跌破坑底最低价止损。
2025-12-29,600186,莲花控股,macd_water,6.09,1,[macd_water]: 【强势位】水上金叉。代表多头趋势延续。若股价贴近20日线可回吸。
2025-12-29,600192,长城电工,golden_pit,9.56,1,[golden_pit]: 【底部位】黄金坑企稳。适合底部轻仓潜伏，跌破坑底最低价止损。
2025-12-29,600215,派斯林,golden_pit,7.14,1,[golden_pit]: 【底部位】黄金坑企稳。适合底部轻仓潜伏，跌破坑底最低价止损。
2025-12-29,600219,南山铝业,macd_water,5.23,1,[macd_water]: 【强势位】水上金叉。代表多头趋势延续。若股价贴近20日线可回吸。
2025-12-29,600230,沧州大化,"macd_water,golden_pit",13.73,2,[macd_water]: 【强势位】水上金叉。代表多头趋势延续。若股价贴近20日线可回吸。 | [golden_pit]: 【底部位】黄金坑企稳。适合底部轻仓潜伏，跌破坑底最低价止损。
2025-12-29,600235,民丰特纸,golden_pit,6.86,1,[golden_pit]: 【底部位】黄金坑企稳。适合底部轻仓潜伏，跌破坑底最低价止损。
2025-12-29,600288,大恒科技,golden_pit,15.2,1,[golden_pit]: 【底部位】黄金坑企稳。适合底部轻仓潜伏，跌破坑底最低价止损。
2025-12-29,600292,远达环保,golden_pit,12.89,1,[golden_pit]: 【底部位】黄金坑企稳。适合底部轻仓潜伏，跌破坑底最低价止损。
2025-12-29,600295,鄂尔多斯,"macd_water,golden_pit",11.94,2,[macd_water]: 【强势位】水上金叉。代表多头趋势延续。若股价贴近20日线可回吸。 | [golden_pit]: 【底部位】黄金坑企稳。适合底部轻仓潜伏，跌破坑底最低价止损。
2025-12-29,600302,标准股份,macd_water,10.65,1,[macd_water]: 【强势位】水上金叉。代表多头趋势延续。若股价贴近20日线可回吸。
2025-12-29,600318,新力金融,golden_pit,9.08,1,[golden_pit]: 【底部位】黄金坑企稳。适合底部轻仓潜伏，跌破坑底最低价止损。
2025-12-29,600319,亚星化学,"macd_water,golden_pit",9.48,2,[macd_water]: 【强势位】水上金叉。代表多头趋势延续。若股价贴近20日线可回吸。 | [golden_pit]: 【底部位】黄金坑企稳。适合底部轻仓潜伏，跌破坑底最低价止损。
2025-12-29,600328,中盐化工,golden_pit,8.36,1,[golden_pit]: 【底部位】黄金坑企稳。适合底部轻仓潜伏，跌破坑底最低价止损。
2025-12-29,600348,华阳股份,golden_pit,8.43,1,[golden_pit]: 【底部位】黄金坑企稳。适合底部轻仓潜伏，跌破坑底最低价止损。
2025-12-29,600350,山东高速,macd_water,9.75,1,[macd_water]: 【强势位】水上金叉。代表多头趋势延续。若股价贴近20日线可回吸。
2025-12-29,600356,恒丰纸业,golden_pit,8.93,1,[golden_pit]: 【底部位】黄金坑企稳。适合底部轻仓潜伏，跌破坑底最低价止损。
2025-12-29,600359,新农开发,golden_pit,7.3,1,[golden_pit]: 【底部位】黄金坑企稳。适合底部轻仓潜伏，跌破坑底最低价止损。
2025-12-29,600367,红星发展,macd_water,18.09,1,[macd_water]: 【强势位】水上金叉。代表多头趋势延续。若股价贴近20日线可回吸。
2025-12-29,600372,中航机载,golden_pit,13.22,1,[golden_pit]: 【底部位】黄金坑企稳。适合底部轻仓潜伏，跌破坑底最低价止损。
2025-12-29,600382,广东明珠,"macd_water,golden_pit",7.27,2,[macd_water]: 【强势位】水上金叉。代表多头趋势延续。若股价贴近20日线可回吸。 | [golden_pit]: 【底部位】黄金坑企稳。适合底部轻仓潜伏，跌破坑底最低价止损。
2025-12-29,600390,五矿资本,golden_pit,5.63,1,[golden_pit]: 【底部位】黄金坑企稳。适合底部轻仓潜伏，跌破坑底最低价止损。
2025-12-29,600399,抚顺特钢,macd_water,6.0,1,[macd_water]: 【强势位】水上金叉。代表多头趋势延续。若股价贴近20日线可回吸。
2025-12-29,600405,动力源,golden_pit,5.26,1,[golden_pit]: 【底部位】黄金坑企稳。适合底部轻仓潜伏，跌破坑底最低价止损。
2025-12-29,600409,三友化工,macd_water,6.16,1,[macd_water]: 【强势位】水上金叉。代表多头趋势延续。若股价贴近20日线可回吸。
2025-12-29,600410,华胜天成,golden_pit,17.92,1,[golden_pit]: 【底部位】黄金坑企稳。适合底部轻仓潜伏，跌破坑底最低价止损。
2025-12-29,600416,湘电股份,golden_pit,14.53,1,[golden_pit]: 【底部位】黄金坑企稳。适合底部轻仓潜伏，跌破坑底最低价止损。
2025-12-29,600435,北方导航,"macd_water,golden_pit",14.95,2,[macd_water]: 【强势位】水上金叉。代表多头趋势延续。若股价贴近20日线可回吸。 | [golden_pit]: 【底部位】黄金坑企稳。适合底部轻仓潜伏，跌破坑底最低价止损。
2025-12-29,600446,金证股份,golden_pit,15.88,1,[golden_pit]: 【底部位】黄金坑企稳。适合底部轻仓潜伏，跌破坑底最低价止损。
2025-12-29,600480,凌云股份,golden_pit,12.13,1,[golden_pit]: 【底部位】黄金坑企稳。适合底部轻仓潜伏，跌破坑底最低价止损。
2025-12-29,600493,凤竹纺织,macd_water,7.9,1,[macd_water]: 【强势位】水上金叉。代表多头趋势延续。若股价贴近20日线可回吸。
2025-12-29,600507,方大特钢,golden_pit,5.96,1,[golden_pit]: 【底部位】黄金坑企稳。适合底部轻仓潜伏，跌破坑底最低价止损。
2025-12-29,600513,联环药业,golden_pit,18.63,1,[golden_pit]: 【底部位】黄金坑企稳。适合底部轻仓潜伏，跌破坑底最低价止损。
2025-12-29,600517,国网英大,golden_pit,6.14,1,[golden_pit]: 【底部位】黄金坑企稳。适合底部轻仓潜伏，跌破坑底最低价止损。
2025-12-29,600523,贵航股份,"macd_water,golden_pit",15.58,2,[macd_water]: 【强势位】水上金叉。代表多头趋势延续。若股价贴近20日线可回吸。 | [golden_pit]: 【底部位】黄金坑企稳。适合底部轻仓潜伏，跌破坑底最低价止损。
2025-12-29,600528,中铁工业,golden_pit,8.22,1,[golden_pit]: 【底部位】黄金坑企稳。适合底部轻仓潜伏，跌破坑底最低价止损。
2025-12-29,600571,信雅达,golden_pit,15.68,1,[golden_pit]: 【底部位】黄金坑企稳。适合底部轻仓潜伏，跌破坑底最低价止损。
2025-12-29,600577,精达股份,macd_water,12.14,1,[macd_water]: 【强势位】水上金叉。代表多头趋势延续。若股价贴近20日线可回吸。
2025-12-29,600586,金晶科技,macd_water,6.17,1,[macd_water]: 【强势位】水上金叉。代表多头趋势延续。若股价贴近20日线可回吸。
2025-12-29,600590,泰豪科技,golden_pit,9.4,1,[golden_pit]: 【底部位】黄金坑企稳。适合底部轻仓潜伏，跌破坑底最低价止损。
2025-12-29,600596,新安股份,"macd_water,golden_pit",11.63,2,[macd_water]: 【强势位】水上金叉。代表多头趋势延续。若股价贴近20日线可回吸。 | [golden_pit]: 【底部位】黄金坑企稳。适合底部轻仓潜伏，跌破坑底最低价止损。
2025-12-29,600602,云赛智联,golden_pit,18.79,1,[golden_pit]: 【底部位】黄金坑企稳。适合底部轻仓潜伏，跌破坑底最低价止损。
2025-12-29,600604,市北高新,golden_pit,5.72,1,[golden_pit]: 【底部位】黄金坑企稳。适合底部轻仓潜伏，跌破坑底最低价止损。
2025-12-29,600610,中毅达,golden_pit,10.02,1,[golden_pit]: 【底部位】黄金坑企稳。适合底部轻仓潜伏，跌破坑底最低价止损。
2025-12-29,600615,鑫源智造,golden_pit,11.31,1,[golden_pit]: 【底部位】黄金坑企稳。适合底部轻仓潜伏，跌破坑底最低价止损。
2025-12-29,600620,天宸股份,macd_water,6.8,1,[macd_water]: 【强势位】水上金叉。代表多头趋势延续。若股价贴近20日线可回吸。
2025-12-29,600629,华建集团,golden_pit,20.3,1,[golden_pit]: 【底部位】黄金坑企稳。适合底部轻仓潜伏，跌破坑底最低价止损。
2025-12-29,600635,大众公用,golden_pit,6.9,1,[golden_pit]: 【底部位】黄金坑企稳。适合底部轻仓潜伏，跌破坑底最低价止损。
2025-12-29,600637,东方明珠,golden_pit,9.98,1,[golden_pit]: 【底部位】黄金坑企稳。适合底部轻仓潜伏，跌破坑底最低价止损。
2025-12-29,600641,万业企业,golden_pit,17.44,1,[golden_pit]: 【底部位】黄金坑企稳。适合底部轻仓潜伏，跌破坑底最低价止损。
2025-12-29,600658,电子城,golden_pit,5.54,1,[golden_pit]: 【底部位】黄金坑企稳。适合底部轻仓潜伏，跌破坑底最低价止损。
2025-12-29,600671,天目药业,golden_pit,17.39,1,[golden_pit]: 【底部位】黄金坑企稳。适合底部轻仓潜伏，跌破坑底最低价止损。
2025-12-29,600676,交运股份,golden_pit,5.92,1,[golden_pit]: 【底部位】黄金坑企稳。适合底部轻仓潜伏，跌破坑底最低价止损。
2025-12-29,600698,湖南天雁,golden_pit,9.08,1,[golden_pit]: 【底部位】黄金坑企稳。适合底部轻仓潜伏，跌破坑底最低价止损。
2025-12-29,600703,三安光电,golden_pit,14.32,1,[golden_pit]: 【底部位】黄金坑企稳。适合底部轻仓潜伏，跌破坑底最低价止损。
2025-12-29,600707,彩虹股份,golden_pit,6.48,1,[golden_pit]: 【底部位】黄金坑企稳。适合底部轻仓潜伏，跌破坑底最低价止损。
2025-12-29,600710,苏美达,"macd_water,golden_pit",10.91,2,[macd_water]: 【强势位】水上金叉。代表多头趋势延续。若股价贴近20日线可回吸。 | [golden_pit]: 【底部位】黄金坑企稳。适合底部轻仓潜伏，跌破坑底最低价止损。
2025-12-29,600719,大连热电,golden_pit,6.31,1,[golden_pit]: 【底部位】黄金坑企稳。适合底部轻仓潜伏，跌破坑底最低价止损。
2025-12-29,600721,百花医药,macd_water,12.24,1,[macd_water]: 【强势位】水上金叉。代表多头趋势延续。若股价贴近20日线可回吸。
2025-12-29,600736,苏州高新,macd_water,7.27,1,[macd_water]: 【强势位】水上金叉。代表多头趋势延续。若股价贴近20日线可回吸。
2025-12-29,600768,宁波富邦,"macd_water,golden_pit",13.64,2,[macd_water]: 【强势位】水上金叉。代表多头趋势延续。若股价贴近20日线可回吸。 | [golden_pit]: 【底部位】黄金坑企稳。适合底部轻仓潜伏，跌破坑底最低价止损。
2025-12-29,600783,鲁信创投,macd_water,23.21,1,[macd_water]: 【强势位】水上金叉。代表多头趋势延续。若股价贴近20日线可回吸。
2025-12-29,600784,鲁银投资,"macd_water,golden_pit",7.04,2,[macd_water]: 【强势位】水上金叉。代表多头趋势延续。若股价贴近20日线可回吸。 | [golden_pit]: 【底部位】黄金坑企稳。适合底部轻仓潜伏，跌破坑底最低价止损。
2025-12-29,600810,神马股份,golden_pit,9.05,1,[golden_pit]: 【底部位】黄金坑企稳。适合底部轻仓潜伏，跌破坑底最低价止损。
2025-12-29,600819,耀皮玻璃,golden_pit,8.34,1,[golden_pit]: 【底部位】黄金坑企稳。适合底部轻仓潜伏，跌破坑底最低价止损。
2025-12-29,600830,香溢融通,golden_pit,9.77,1,[golden_pit]: 【底部位】黄金坑企稳。适合底部轻仓潜伏，跌破坑底最低价止损。
2025-12-29,600839,四川长虹,golden_pit,9.15,1,[golden_pit]: 【底部位】黄金坑企稳。适合底部轻仓潜伏，跌破坑底最低价止损。
2025-12-29,600843,上工申贝,"macd_water,golden_pit",12.15,2,[macd_water]: 【强势位】水上金叉。代表多头趋势延续。若股价贴近20日线可回吸。 | [golden_pit]: 【底部位】黄金坑企稳。适合底部轻仓潜伏，跌破坑底最低价止损。
2025-12-29,600847,万里股份,golden_pit,11.63,1,[golden_pit]: 【底部位】黄金坑企稳。适合底部轻仓潜伏，跌破坑底最低价止损。
2025-12-29,600877,电科芯片,macd_water,16.48,1,[macd_water]: 【强势位】水上金叉。代表多头趋势延续。若股价贴近20日线可回吸。
2025-12-29,600889,南京化纤,macd_water,16.54,1,[macd_water]: 【强势位】水上金叉。代表多头趋势延续。若股价贴近20日线可回吸。
2025-12-29,600909,华安证券,macd_water,6.77,1,[macd_water]: 【强势位】水上金叉。代表多头趋势延续。若股价贴近20日线可回吸。
2025-12-29,600927,永安期货,"macd_water,golden_pit",16.08,2,[macd_water]: 【强势位】水上金叉。代表多头趋势延续。若股价贴近20日线可回吸。 | [golden_pit]: 【底部位】黄金坑企稳。适合底部轻仓潜伏，跌破坑底最低价止损。
2025-12-29,600955,维远股份,macd_water,16.82,1,[macd_water]: 【强势位】水上金叉。代表多头趋势延续。若股价贴近20日线可回吸。
2025-12-29,600958,东方证券,macd_water,10.94,1,[macd_water]: 【强势位】水上金叉。代表多头趋势延续。若股价贴近20日线可回吸。
2025-12-29,600965,福成股份,macd_water,5.99,1,[macd_water]: 【强势位】水上金叉。代表多头趋势延续。若股价贴近20日线可回吸。
2025-12-29,600966,博汇纸业,macd_water,6.84,1,[macd_water]: 【强势位】水上金叉。代表多头趋势延续。若股价贴近20日线可回吸。
2025-12-29,600967,内蒙一机,golden_pit,16.43,1,[golden_pit]: 【底部位】黄金坑企稳。适合底部轻仓潜伏，跌破坑底最低价止损。
2025-12-29,600970,中材国际,golden_pit,10.36,1,[golden_pit]: 【底部位】黄金坑企稳。适合底部轻仓潜伏，跌破坑底最低价止损。
2025-12-29,600973,宝胜股份,macd_water,6.96,1,[macd_water]: 【强势位】水上金叉。代表多头趋势延续。若股价贴近20日线可回吸。
2025-12-29,600989,宝丰能源,"macd_water,golden_pit",19.01,2,[macd_water]: 【强势位】水上金叉。代表多头趋势延续。若股价贴近20日线可回吸。 | [golden_pit]: 【底部位】黄金坑企稳。适合底部轻仓潜伏，跌破坑底最低价止损。
2025-12-29,601003,柳钢股份,golden_pit,5.05,1,[golden_pit]: 【底部位】黄金坑企稳。适合底部轻仓潜伏，跌破坑底最低价止损。
2025-12-29,601026,道生天合,golden_pit,20.57,1,[golden_pit]: 【底部位】黄金坑企稳。适合底部轻仓潜伏，跌破坑底最低价止损。
2025-12-29,601038,一拖股份,golden_pit,14.23,1,[golden_pit]: 【底部位】黄金坑企稳。适合底部轻仓潜伏，跌破坑底最低价止损。
2025-12-29,601061,中信金属,macd_water,14.64,1,[macd_water]: 【强势位】水上金叉。代表多头趋势延续。若股价贴近20日线可回吸。
2025-12-29,601108,财通证券,"macd_water,golden_pit",8.76,2,[macd_water]: 【强势位】水上金叉。代表多头趋势延续。若股价贴近20日线可回吸。 | [golden_pit]: 【底部位】黄金坑企稳。适合底部轻仓潜伏，跌破坑底最低价止损。
2025-12-29,601111,中国国航,"macd_water,golden_pit",9.1,2,[macd_water]: 【强势位】水上金叉。代表多头趋势延续。若股价贴近20日线可回吸。 | [golden_pit]: 【底部位】黄金坑企稳。适合底部轻仓潜伏，跌破坑底最低价止损。
2025-12-29,601121,宝地矿业,golden_pit,7.55,1,[golden_pit]: 【底部位】黄金坑企稳。适合底部轻仓潜伏，跌破坑底最低价止损。
2025-12-29,601177,杭齿前进,golden_pit,16.99,1,[golden_pit]: 【底部位】黄金坑企稳。适合底部轻仓潜伏，跌破坑底最低价止损。
2025-12-29,601212,白银有色,macd_water,6.24,1,[macd_water]: 【强势位】水上金叉。代表多头趋势延续。若股价贴近20日线可回吸。
2025-12-29,601226,华电科工,"macd_water,golden_pit",8.16,2,[macd_water]: 【强势位】水上金叉。代表多头趋势延续。若股价贴近20日线可回吸。 | [golden_pit]: 【底部位】黄金坑企稳。适合底部轻仓潜伏，跌破坑底最低价止损。
2025-12-29,601229,上海银行,"macd_water,golden_pit",10.13,2,[macd_water]: 【强势位】水上金叉。代表多头趋势延续。若股价贴近20日线可回吸。 | [golden_pit]: 【底部位】黄金坑企稳。适合底部轻仓潜伏，跌破坑底最低价止损。
2025-12-29,601512,中新集团,golden_pit,9.07,1,[golden_pit]: 【底部位】黄金坑企稳。适合底部轻仓潜伏，跌破坑底最低价止损。
2025-12-29,601528,瑞丰银行,golden_pit,5.76,1,[golden_pit]: 【底部位】黄金坑企稳。适合底部轻仓潜伏，跌破坑底最低价止损。
2025-12-29,601577,长沙银行,macd_water,9.79,1,[macd_water]: 【强势位】水上金叉。代表多头趋势延续。若股价贴近20日线可回吸。
2025-12-29,601600,中国铝业,macd_water,11.45,1,[macd_water]: 【强势位】水上金叉。代表多头趋势延续。若股价贴近20日线可回吸。
2025-12-29,601700,风范股份,macd_water,6.16,1,[macd_water]: 【强势位】水上金叉。代表多头趋势延续。若股价贴近20日线可回吸。
2025-12-29,601777,千里科技,golden_pit,10.9,1,[golden_pit]: 【底部位】黄金坑企稳。适合底部轻仓潜伏，跌破坑底最低价止损。
2025-12-29,601789,宁波建工,golden_pit,5.1,1,[golden_pit]: 【底部位】黄金坑企稳。适合底部轻仓潜伏，跌破坑底最低价止损。
2025-12-29,601857,中国石油,"macd_water,golden_pit",10.06,2,[macd_water]: 【强势位】水上金叉。代表多头趋势延续。若股价贴近20日线可回吸。 | [golden_pit]: 【底部位】黄金坑企稳。适合底部轻仓潜伏，跌破坑底最低价止损。
2025-12-29,601872,招商轮船,"macd_water,golden_pit",9.12,2,[macd_water]: 【强势位】水上金叉。代表多头趋势延续。若股价贴近20日线可回吸。 | [golden_pit]: 【底部位】黄金坑企稳。适合底部轻仓潜伏，跌破坑底最低价止损。
2025-12-29,601882,海天精工,golden_pit,19.51,1,[golden_pit]: 【底部位】黄金坑企稳。适合底部轻仓潜伏，跌破坑底最低价止损。
2025-12-29,601939,建设银行,golden_pit,9.27,1,[golden_pit]: 【底部位】黄金坑企稳。适合底部轻仓潜伏，跌破坑底最低价止损。
2025-12-29,601968,宝钢包装,golden_pit,5.48,1,[golden_pit]: 【底部位】黄金坑企稳。适合底部轻仓潜伏，跌破坑底最低价止损。
2025-12-29,601969,海南矿业,macd_water,12.34,1,[macd_water]: 【强势位】水上金叉。代表多头趋势延续。若股价贴近20日线可回吸。
2025-12-29,603002,宏昌电子,macd_water,7.62,1,[macd_water]: 【强势位】水上金叉。代表多头趋势延续。若股价贴近20日线可回吸。
2025-12-29,603015,弘讯科技,macd_water,12.87,1,[macd_water]: 【强势位】水上金叉。代表多头趋势延续。若股价贴近20日线可回吸。
2025-12-29,603017,中衡设计,macd_water,11.62,1,[macd_water]: 【强势位】水上金叉。代表多头趋势延续。若股价贴近20日线可回吸。
2025-12-29,603020,爱普股份,golden_pit,10.27,1,[golden_pit]: 【底部位】黄金坑企稳。适合底部轻仓潜伏，跌破坑底最低价止损。
2025-12-29,603027,千禾味业,golden_pit,9.78,1,[golden_pit]: 【底部位】黄金坑企稳。适合底部轻仓潜伏，跌破坑底最低价止损。
2025-12-29,603038,华立股份,golden_pit,16.59,1,[golden_pit]: 【底部位】黄金坑企稳。适合底部轻仓潜伏，跌破坑底最低价止损。
2025-12-29,603045,福达合金,golden_pit,19.9,1,[golden_pit]: 【底部位】黄金坑企稳。适合底部轻仓潜伏，跌破坑底最低价止损。
2025-12-29,603070,万控智造,golden_pit,13.05,1,[golden_pit]: 【底部位】黄金坑企稳。适合底部轻仓潜伏，跌破坑底最低价止损。
2025-12-29,603073,彩蝶实业,golden_pit,18.85,1,[golden_pit]: 【底部位】黄金坑企稳。适合底部轻仓潜伏，跌破坑底最低价止损。
2025-12-29,603085,天成自控,"macd_water,golden_pit",11.4,2,[macd_water]: 【强势位】水上金叉。代表多头趋势延续。若股价贴近20日线可回吸。 | [golden_pit]: 【底部位】黄金坑企稳。适合底部轻仓潜伏，跌破坑底最低价止损。
2025-12-29,603086,先达股份,golden_pit,8.34,1,[golden_pit]: 【底部位】黄金坑企稳。适合底部轻仓潜伏，跌破坑底最低价止损。
2025-12-29,603093,南华期货,golden_pit,19.66,1,[golden_pit]: 【底部位】黄金坑企稳。适合底部轻仓潜伏，跌破坑底最低价止损。
2025-12-29,603110,东方材料,golden_pit,16.11,1,[golden_pit]: 【底部位】黄金坑企稳。适合底部轻仓潜伏，跌破坑底最低价止损。
2025-12-29,603112,华翔股份,golden_pit,18.01,1,[golden_pit]: 【底部位】黄金坑企稳。适合底部轻仓潜伏，跌破坑底最低价止损。
2025-12-29,603116,红蜻蜓,"one_sun,golden_pit",6.3,2,[one_sun]: 【爆发位】一阳穿三线。次日看高开(1%-3%)，放量突破昨日最高价即是买点。 | [golden_pit]: 【底部位】黄金坑企稳。适合底部轻仓潜伏，跌破坑底最低价止损。
2025-12-29,603118,共进股份,golden_pit,11.59,1,[golden_pit]: 【底部位】黄金坑企稳。适合底部轻仓潜伏，跌破坑底最低价止损。
2025-12-29,603123,翠微股份,macd_water,16.03,1,[macd_water]: 【强势位】水上金叉。代表多头趋势延续。若股价贴近20日线可回吸。
2025-12-29,603138,海量数据,golden_pit,14.31,1,[golden_pit]: 【底部位】黄金坑企稳。适合底部轻仓潜伏，跌破坑底最低价止损。
2025-12-29,603158,腾龙股份,golden_pit,10.53,1,[golden_pit]: 【底部位】黄金坑企稳。适合底部轻仓潜伏，跌破坑底最低价止损。
2025-12-29,603166,福达股份,golden_pit,15.79,1,[golden_pit]: 【底部位】黄金坑企稳。适合底部轻仓潜伏，跌破坑底最低价止损。
2025-12-29,603172,万丰股份,golden_pit,18.11,1,[golden_pit]: 【底部位】黄金坑企稳。适合底部轻仓潜伏，跌破坑底最低价止损。
2025-12-29,603178,圣龙股份,golden_pit,18.74,1,[golden_pit]: 【底部位】黄金坑企稳。适合底部轻仓潜伏，跌破坑底最低价止损。
2025-12-29,603187,海容冷链,golden_pit,15.8,1,[golden_pit]: 【底部位】黄金坑企稳。适合底部轻仓潜伏，跌破坑底最低价止损。
2025-12-29,603201,XD常润股,golden_pit,16.97,1,[golden_pit]: 【底部位】黄金坑企稳。适合底部轻仓潜伏，跌破坑底最低价止损。
2025-12-29,603218,日月股份,golden_pit,13.35,1,[golden_pit]: 【底部位】黄金坑企稳。适合底部轻仓潜伏，跌破坑底最低价止损。
2025-12-29,603219,富佳股份,golden_pit,16.18,1,[golden_pit]: 【底部位】黄金坑企稳。适合底部轻仓潜伏，跌破坑底最低价止损。
2025-12-29,603276,恒兴新材,golden_pit,16.93,1,[golden_pit]: 【底部位】黄金坑企稳。适合底部轻仓潜伏，跌破坑底最低价止损。
2025-12-29,603278,大业股份,macd_water,14.08,1,[macd_water]: 【强势位】水上金叉。代表多头趋势延续。若股价贴近20日线可回吸。
2025-12-29,603279,景津装备,golden_pit,16.42,1,[golden_pit]: 【底部位】黄金坑企稳。适合底部轻仓潜伏，跌破坑底最低价止损。
2025-12-29,603282,亚光股份,golden_pit,19.84,1,[golden_pit]: 【底部位】黄金坑企稳。适合底部轻仓潜伏，跌破坑底最低价止损。
2025-12-29,603289,泰瑞机器,golden_pit,10.02,1,[golden_pit]: 【底部位】黄金坑企稳。适合底部轻仓潜伏，跌破坑底最低价止损。
2025-12-29,603305,旭升集团,macd_water,16.32,1,[macd_water]: 【强势位】水上金叉。代表多头趋势延续。若股价贴近20日线可回吸。
2025-12-29,603311,金海高科,macd_water,16.53,1,[macd_water]: 【强势位】水上金叉。代表多头趋势延续。若股价贴近20日线可回吸。
2025-12-29,603320,迪贝电气,golden_pit,18.71,1,[golden_pit]: 【底部位】黄金坑企稳。适合底部轻仓潜伏，跌破坑底最低价止损。
2025-12-29,603328,依顿电子,golden_pit,11.18,1,[golden_pit]: 【底部位】黄金坑企稳。适合底部轻仓潜伏，跌破坑底最低价止损。
2025-12-29,603333,尚纬股份,"macd_water,golden_pit",8.42,2,[macd_water]: 【强势位】水上金叉。代表多头趋势延续。若股价贴近20日线可回吸。 | [golden_pit]: 【底部位】黄金坑企稳。适合底部轻仓潜伏，跌破坑底最低价止损。
2025-12-29,603339,四方科技,golden_pit,13.07,1,[golden_pit]: 【底部位】黄金坑企稳。适合底部轻仓潜伏，跌破坑底最低价止损。
2025-12-29,603359,东珠生态,macd_water,9.06,1,[macd_water]: 【强势位】水上金叉。代表多头趋势延续。若股价贴近20日线可回吸。
2025-12-29,603390,通达电气,golden_pit,13.1,1,[golden_pit]: 【底部位】黄金坑企稳。适合底部轻仓潜伏，跌破坑底最低价止损。
2025-12-29,603408,建霖家居,"macd_water,golden_pit",14.33,2,[macd_water]: 【强势位】水上金叉。代表多头趋势延续。若股价贴近20日线可回吸。 | [golden_pit]: 【底部位】黄金坑企稳。适合底部轻仓潜伏，跌破坑底最低价止损。
2025-12-29,603458,勘设股份,macd_water,9.49,1,[macd_water]: 【强势位】水上金叉。代表多头趋势延续。若股价贴近20日线可回吸。
2025-12-29,603477,巨星农牧,golden_pit,17.38,1,[golden_pit]: 【底部位】黄金坑企稳。适合底部轻仓潜伏，跌破坑底最低价止损。
2025-12-29,603527,众源新材,golden_pit,11.26,1,[golden_pit]: 【底部位】黄金坑企稳。适合底部轻仓潜伏，跌破坑底最低价止损。
2025-12-29,603577,汇金通,"one_sun,macd_water,golden_pit",10.73,3,[one_sun]: 【爆发位】一阳穿三线。次日看高开(1%-3%)，放量突破昨日最高价即是买点。 | [macd_water]: 【强势位】水上金叉。代表多头趋势延续。若股价贴近20日线可回吸。 | [golden_pit]: 【底部位】黄金坑企稳。适合底部轻仓潜伏，跌破坑底最低价止损。
2025-12-29,603588,高能环境,macd_water,7.69,1,[macd_water]: 【强势位】水上金叉。代表多头趋势延续。若股价贴近20日线可回吸。
2025-12-29,603626,科森科技,macd_water,17.75,1,[macd_water]: 【强势位】水上金叉。代表多头趋势延续。若股价贴近20日线可回吸。
2025-12-29,603660,苏州科达,macd_water,10.71,1,[macd_water]: 【强势位】水上金叉。代表多头趋势延续。若股价贴近20日线可回吸。
2025-12-29,603668,天马科技,golden_pit,16.93,1,[golden_pit]: 【底部位】黄金坑企稳。适合底部轻仓潜伏，跌破坑底最低价止损。
2025-12-29,603680,今创集团,macd_water,16.52,1,[macd_water]: 【强势位】水上金叉。代表多头趋势延续。若股价贴近20日线可回吸。
2025-12-29,603682,锦和商管,macd_water,6.61,1,[macd_water]: 【强势位】水上金叉。代表多头趋势延续。若股价贴近20日线可回吸。
2025-12-29,603700,宁水集团,"macd_water,golden_pit",13.23,2,[macd_water]: 【强势位】水上金叉。代表多头趋势延续。若股价贴近20日线可回吸。 | [golden_pit]: 【底部位】黄金坑企稳。适合底部轻仓潜伏，跌破坑底最低价止损。
2025-12-29,603708,家家悦,golden_pit,12.41,1,[golden_pit]: 【底部位】黄金坑企稳。适合底部轻仓潜伏，跌破坑底最低价止损。
2025-12-29,603712,七一二,golden_pit,20.03,1,[golden_pit]: 【底部位】黄金坑企稳。适合底部轻仓潜伏，跌破坑底最低价止损。
2025-12-29,603730,岱美股份,golden_pit,8.23,1,[golden_pit]: 【底部位】黄金坑企稳。适合底部轻仓潜伏，跌破坑底最低价止损。
2025-12-29,603778,国晟科技,macd_water,16.78,1,[macd_water]: 【强势位】水上金叉。代表多头趋势延续。若股价贴近20日线可回吸。
2025-12-29,603788,宁波高发,golden_pit,16.18,1,[golden_pit]: 【底部位】黄金坑企稳。适合底部轻仓潜伏，跌破坑底最低价止损。
2025-12-29,603809,豪能股份,macd_water,14.2,1,[macd_water]: 【强势位】水上金叉。代表多头趋势延续。若股价贴近20日线可回吸。
2025-12-29,603876,鼎胜新材,macd_water,15.76,1,[macd_water]: 【强势位】水上金叉。代表多头趋势延续。若股价贴近20日线可回吸。
2025-12-29,603878,武进不锈,golden_pit,10.16,1,[golden_pit]: 【底部位】黄金坑企稳。适合底部轻仓潜伏，跌破坑底最低价止损。
2025-12-29,603885,吉祥航空,"macd_water,golden_pit",14.25,2,[macd_water]: 【强势位】水上金叉。代表多头趋势延续。若股价贴近20日线可回吸。 | [golden_pit]: 【底部位】黄金坑企稳。适合底部轻仓潜伏，跌破坑底最低价止损。
2025-12-29,603898,好莱客,golden_pit,13.3,1,[golden_pit]: 【底部位】黄金坑企稳。适合底部轻仓潜伏，跌破坑底最低价止损。
2025-12-29,603901,永创智能,"macd_water,golden_pit",14.3,2,[macd_water]: 【强势位】水上金叉。代表多头趋势延续。若股价贴近20日线可回吸。 | [golden_pit]: 【底部位】黄金坑企稳。适合底部轻仓潜伏，跌破坑底最低价止损。
2025-12-29,603915,国茂股份,macd_water,18.3,1,[macd_water]: 【强势位】水上金叉。代表多头趋势延续。若股价贴近20日线可回吸。
2025-12-29,603917,合力科技,golden_pit,14.83,1,[golden_pit]: 【底部位】黄金坑企稳。适合底部轻仓潜伏，跌破坑底最低价止损。
2025-12-29,603918,金桥信息,golden_pit,15.85,1,[golden_pit]: 【底部位】黄金坑企稳。适合底部轻仓潜伏，跌破坑底最低价止损。
2025-12-29,603922,金鸿顺,golden_pit,19.35,1,[golden_pit]: 【底部位】黄金坑企稳。适合底部轻仓潜伏，跌破坑底最低价止损。
2025-12-29,603926,铁流股份,"macd_water,golden_pit",16.12,2,[macd_water]: 【强势位】水上金叉。代表多头趋势延续。若股价贴近20日线可回吸。 | [golden_pit]: 【底部位】黄金坑企稳。适合底部轻仓潜伏，跌破坑底最低价止损。
2025-12-29,603936,博敏电子,macd_water,12.95,1,[macd_water]: 【强势位】水上金叉。代表多头趋势延续。若股价贴近20日线可回吸。
2025-12-29,603937,丽岛新材,golden_pit,12.05,1,[golden_pit]: 【底部位】黄金坑企稳。适合底部轻仓潜伏，跌破坑底最低价止损。
2025-12-29,603949,雪龙集团,golden_pit,18.9,1,[golden_pit]: 【底部位】黄金坑企稳。适合底部轻仓潜伏，跌破坑底最低价止损。
2025-12-29,603960,克来机电,golden_pit,19.96,1,[golden_pit]: 【底部位】黄金坑企稳。适合底部轻仓潜伏，跌破坑底最低价止损。
2025-12-29,603969,银龙股份,"macd_water,golden_pit",10.07,2,[macd_water]: 【强势位】水上金叉。代表多头趋势延续。若股价贴近20日线可回吸。 | [golden_pit]: 【底部位】黄金坑企稳。适合底部轻仓潜伏，跌破坑底最低价止损。
2025-12-29,603980,吉华集团,golden_pit,5.14,1,[golden_pit]: 【底部位】黄金坑企稳。适合底部轻仓潜伏，跌破坑底最低价止损。
2025-12-29,603989,艾华集团,golden_pit,16.68,1,[golden_pit]: 【底部位】黄金坑企稳。适合底部轻仓潜伏，跌破坑底最低价止损。
2025-12-29,605001,威奥股份,golden_pit,7.81,1,[golden_pit]: 【底部位】黄金坑企稳。适合底部轻仓潜伏，跌破坑底最低价止损。
2025-12-29,605006,山东玻纤,golden_pit,7.48,1,[golden_pit]: 【底部位】黄金坑企稳。适合底部轻仓潜伏，跌破坑底最低价止损。
2025-12-29,605018,长华集团,golden_pit,11.29,1,[golden_pit]: 【底部位】黄金坑企稳。适合底部轻仓潜伏，跌破坑底最低价止损。
2025-12-29,605055,迎丰股份,macd_water,9.89,1,[macd_water]: 【强势位】水上金叉。代表多头趋势延续。若股价贴近20日线可回吸。
2025-12-29,605069,正和生态,macd_water,13.5,1,[macd_water]: 【强势位】水上金叉。代表多头趋势延续。若股价贴近20日线可回吸。
2025-12-29,605155,西大门,"macd_water,golden_pit",17.2,2,[macd_water]: 【强势位】水上金叉。代表多头趋势延续。若股价贴近20日线可回吸。 | [golden_pit]: 【底部位】黄金坑企稳。适合底部轻仓潜伏，跌破坑底最低价止损。
2025-12-29,605166,聚合顺,golden_pit,10.44,1,[golden_pit]: 【底部位】黄金坑企稳。适合底部轻仓潜伏，跌破坑底最低价止损。
2025-12-29,605183,确成股份,golden_pit,19.96,1,[golden_pit]: 【底部位】黄金坑企稳。适合底部轻仓潜伏，跌破坑底最低价止损。
2025-12-29,605189,富春染织,golden_pit,15.67,1,[golden_pit]: 【底部位】黄金坑企稳。适合底部轻仓潜伏，跌破坑底最低价止损。
2025-12-29,605208,永茂泰,golden_pit,13.67,1,[golden_pit]: 【底部位】黄金坑企稳。适合底部轻仓潜伏，跌破坑底最低价止损。
2025-12-29,605228,神通科技,golden_pit,14.73,1,[golden_pit]: 【底部位】黄金坑企稳。适合底部轻仓潜伏，跌破坑底最低价止损。
2025-12-29,605500,森林包装,golden_pit,9.62,1,[golden_pit]: 【底部位】黄金坑企稳。适合底部轻仓潜伏，跌破坑底最低价止损。
2025-12-29,688009,中国通号,golden_pit,5.49,1,[golden_pit]: 【底部位】黄金坑企稳。适合底部轻仓潜伏，跌破坑底最低价止损。
2025-12-29,688021,奥福科技,golden_pit,18.53,1,[golden_pit]: 【底部位】黄金坑企稳。适合底部轻仓潜伏，跌破坑底最低价止损。
2025-12-29,688026,洁特生物,golden_pit,16.19,1,[golden_pit]: 【底部位】黄金坑企稳。适合底部轻仓潜伏，跌破坑底最低价止损。
2025-12-29,688030,山石网科,golden_pit,18.16,1,[golden_pit]: 【底部位】黄金坑企稳。适合底部轻仓潜伏，跌破坑底最低价止损。
2025-12-29,688033,天宜新材,macd_water,8.0,1,[macd_water]: 【强势位】水上金叉。代表多头趋势延续。若股价贴近20日线可回吸。
2025-12-29,688038,中科通达,golden_pit,16.45,1,[golden_pit]: 【底部位】黄金坑企稳。适合底部轻仓潜伏，跌破坑底最低价止损。
2025-12-29,688046,药康生物,golden_pit,15.51,1,[golden_pit]: 【底部位】黄金坑企稳。适合底部轻仓潜伏，跌破坑底最低价止损。
2025-12-29,688096,京源环保,golden_pit,7.9,1,[golden_pit]: 【底部位】黄金坑企稳。适合底部轻仓潜伏，跌破坑底最低价止损。
2025-12-29,688119,中钢洛耐,macd_water,5.76,1,[macd_water]: 【强势位】水上金叉。代表多头趋势延续。若股价贴近20日线可回吸。
2025-12-29,688176,亚虹医药,macd_water,11.57,1,[macd_water]: 【强势位】水上金叉。代表多头趋势延续。若股价贴近20日线可回吸。
2025-12-29,688201,信安世纪,golden_pit,13.65,1,[golden_pit]: 【底部位】黄金坑企稳。适合底部轻仓潜伏，跌破坑底最低价止损。
2025-12-29,688203,海正生材,golden_pit,12.83,1,[golden_pit]: 【底部位】黄金坑企稳。适合底部轻仓潜伏，跌破坑底最低价止损。
2025-12-29,688219,会通股份,golden_pit,12.43,1,[golden_pit]: 【底部位】黄金坑企稳。适合底部轻仓潜伏，跌破坑底最低价止损。
2025-12-29,688225,亚信安全,golden_pit,19.31,1,[golden_pit]: 【底部位】黄金坑企稳。适合底部轻仓潜伏，跌破坑底最低价止损。
2025-12-29,688277,天智航,golden_pit,14.91,1,[golden_pit]: 【底部位】黄金坑企稳。适合底部轻仓潜伏，跌破坑底最低价止损。
2025-12-29,688306,均普智能,golden_pit,11.51,1,[golden_pit]: 【底部位】黄金坑企稳。适合底部轻仓潜伏，跌破坑底最低价止损。
2025-12-29,688355,明志科技,golden_pit,17.82,1,[golden_pit]: 【底部位】黄金坑企稳。适合底部轻仓潜伏，跌破坑底最低价止损。
2025-12-29,688387,信科移动,macd_water,12.14,1,[macd_water]: 【强势位】水上金叉。代表多头趋势延续。若股价贴近20日线可回吸。
2025-12-29,688469,芯联集成,"macd_water,golden_pit",6.87,2,[macd_water]: 【强势位】水上金叉。代表多头趋势延续。若股价贴近20日线可回吸。 | [golden_pit]: 【底部位】黄金坑企稳。适合底部轻仓潜伏，跌破坑底最低价止损。
2025-12-29,688479,友车科技,golden_pit,18.8,1,[golden_pit]: 【底部位】黄金坑企稳。适合底部轻仓潜伏，跌破坑底最低价止损。
2025-12-29,688485,九州一轨,macd_water,17.96,1,[macd_water]: 【强势位】水上金叉。代表多头趋势延续。若股价贴近20日线可回吸。
2025-12-29,688512,慧智微,golden_pit,11.13,1,[golden_pit]: 【底部位】黄金坑企稳。适合底部轻仓潜伏，跌破坑底最低价止损。
2025-12-29,688529,豪森智能,golden_pit,18.21,1,[golden_pit]: 【底部位】黄金坑企稳。适合底部轻仓潜伏，跌破坑底最低价止损。
2025-12-29,688530,欧莱新材,golden_pit,16.62,1,[golden_pit]: 【底部位】黄金坑企稳。适合底部轻仓潜伏，跌破坑底最低价止损。
2025-12-29,688556,高测股份,golden_pit,11.24,1,[golden_pit]: 【底部位】黄金坑企稳。适合底部轻仓潜伏，跌破坑底最低价止损。
2025-12-29,688571,杭华股份,golden_pit,7.54,1,[golden_pit]: 【底部位】黄金坑企稳。适合底部轻仓潜伏，跌破坑底最低价止损。
2025-12-29,688590,新致软件,golden_pit,18.27,1,[golden_pit]: 【底部位】黄金坑企稳。适合底部轻仓潜伏，跌破坑底最低价止损。
2025-12-29,688609,九联科技,golden_pit,10.03,1,[golden_pit]: 【底部位】黄金坑企稳。适合底部轻仓潜伏，跌破坑底最低价止损。
2025-12-29,688616,西力科技,golden_pit,12.31,1,[golden_pit]: 【底部位】黄金坑企稳。适合底部轻仓潜伏，跌破坑底最低价止损。
2025-12-29,688619,罗普特,golden_pit,13.99,1,[golden_pit]: 【底部位】黄金坑企稳。适合底部轻仓潜伏，跌破坑底最低价止损。
2025-12-29,688659,元琛科技,golden_pit,9.58,1,[golden_pit]: 【底部位】黄金坑企稳。适合底部轻仓潜伏，跌破坑底最低价止损。
2025-12-29,688681,科汇股份,golden_pit,17.51,1,[golden_pit]: 【底部位】黄金坑企稳。适合底部轻仓潜伏，跌破坑底最低价止损。
2025-12-29,688722,同益中,macd_water,20.4,1,[macd_water]: 【强势位】水上金叉。代表多头趋势延续。若股价贴近20日线可回吸。
